num_haplo,LL
2,-1259853.1371107
3,-1258868.2847884
4,-1258725.6746774
5,-1258857.0890233
6,-1258878.1999363
